country,Ladder,SD of Ladder,Positive affect,Negative affect,Social support,Freedom,Corruption,Generosity,"Log of GDP
per capita","Healthy life
expectancy",year,population,population_grow,population_under_14,population_above_65,gdp,gdp_growth_rate,unemployment,education_gov_expenditure,health_expenditure,life_expectancy_fem,life_expectancy_male,non_commun_disease_death,commun_disease_death,tuberculosis,hiv,infant_mortality,undernourishment,hospital_beds,physicians,GDP/C,life_expectancy_mean,Latitude,Longitude,continent
Finland,1,4,41.0,10.0,2.0,5.0,4.0,47.0,22.0,27.0,2019.0,5515525.0,0.13,16.15,21.72,252247.0,2.8,8.1,7.1,9.5,84.6,79.2,,,4.7,0.1,2.1,,,3.8,45733.996310414695,81.9,63.2467777,25.9209164,Europe
Denmark,2,13,24.0,26.0,4.0,6.0,3.0,22.0,14.0,23.0,2019.0,5793636.0,0.5,16.46,19.81,329866.0,2.3,5.3,7.6,10.4,83.4,79.4,,,5.4,0.1,3.5,,,4.5,56935.920724049625,81.4,55.670249,10.3333283,Europe
Norway,3,8,16.0,29.0,3.0,3.0,8.0,11.0,7.0,12.0,2019.0,5311916.0,0.66,17.55,17.05,399470.0,2.0,3.8,7.6,10.5,84.4,81.3,,,4.1,0.1,2.4,,,4.6,75202.61992094755,82.85,61.1529386,8.7876653,Europe
Iceland,4,9,3.0,3.0,1.0,7.0,45.0,3.0,15.0,13.0,2019.0,352721.0,2.68,19.83,14.8,24477.0,4.0,2.9,7.7,8.3,84.3,81.1,,,2.7,0.1,1.6,,,4.0,69394.79078365053,82.69999999999999,64.9841821,-18.1059013,Europe
Netherlands,5,1,12.0,25.0,15.0,19.0,12.0,7.0,12.0,18.0,2019.0,17231624.0,0.58,16.11,19.2,830573.0,3.2,3.4,5.4,10.4,83.4,80.2,,,5.3,,3.5,,,3.5,48200.50623203014,81.80000000000001,52.2434979,5.6343227,Europe
Switzerland,6,11,44.0,21.0,13.0,11.0,7.0,16.0,8.0,4.0,2019.0,8513227.0,0.72,14.91,18.62,678938.0,1.6,4.7,5.1,12.2,85.6,81.6,,,6.4,,3.9,,,4.2,79750.95695204652,83.6,46.7985624,8.2319736,Europe
Sweden,7,18,34.0,8.0,25.0,10.0,6.0,17.0,13.0,17.0,2019.0,10175214.0,1.16,17.58,20.1,535607.0,2.1,6.3,7.6,10.9,84.1,81.0,,,5.5,,2.4,,,5.4,52638.40151175199,82.55,59.6749712,14.5208584,Europe
New Zealand,8,15,22.0,12.0,5.0,8.0,5.0,8.0,26.0,14.0,2019.0,4841000.0,0.98,19.65,15.65,202044.0,2.8,5.2,6.3,9.2,83.6,80.2,,,7.3,0.1,4.4,,,3.0,41736.00495765338,81.9,-41.5000831,172.8344077,Oceania
Canada,9,23,18.0,49.0,20.0,9.0,11.0,14.0,19.0,8.0,2019.0,37057765.0,1.4,15.87,17.23,1647120.0,3.0,5.9,5.3,10.5,84.1,79.9,,,5.6,,4.6,,,2.6,44447.364810047235,82.0,61.0666922,-107.991707,North America
Austria,10,10,64.0,24.0,31.0,26.0,19.0,25.0,16.0,15.0,2019.0,8840521.0,0.49,14.3,19.0,416836.0,2.6,5.4,5.5,10.4,84.0,79.4,,,7.1,,3.3,,,5.1,47150.61476580396,81.7,47.59397,14.12456,Europe
Australia,11,26,47.0,37.0,7.0,17.0,13.0,6.0,18.0,10.0,2019.0,24982688.0,1.54,19.19,15.66,1408676.0,2.9,5.5,5.3,9.3,84.9,80.7,,,6.6,0.1,3.6,,,3.6,56386.0862369974,82.80000000000001,-24.7761086,134.755,Oceania
Costa Rica,12,62,4.0,87.0,42.0,16.0,58.0,75.0,67.0,28.0,2019.0,4999441.0,0.99,21.32,9.55,57565.0,3.2,7.9,7.4,7.6,82.73,77.54,,,10.0,0.4,9.3,,,1.1,11514.287297319841,80.135,10.2735633,-84.0739102,North America
Israel,13,14,104.0,69.0,38.0,93.0,74.0,24.0,31.0,11.0,2019.0,8882800.0,1.93,27.93,11.98,353268.0,3.5,3.8,5.9,7.3,84.8,80.9,,,4.0,0.2,3.4,,,3.2,39769.892376277756,82.85,30.8124247,34.8594762,Asia
Luxembourg,14,3,62.0,19.0,27.0,28.0,9.0,30.0,2.0,16.0,2019.0,607950.0,1.93,15.88,14.18,62316.0,1.5,5.2,3.9,6.2,84.4,79.9,,,8.0,0.3,3.4,,,3.0,102501.85048112509,82.15,49.8158683,6.1296751,Europe
United Kingdom,15,16,52.0,42.0,9.0,63.0,15.0,4.0,23.0,24.0,2019.0,267663435.0,1.13,26.55,5.86,1015539.0,5.1,4.4,3.6,3.1,73.75,69.38,,,316.0,0.4,25.0,,,0.4,3794.0893943918786,71.565,54.7023545,-3.2765753,Europe
Ireland,16,34,33.0,32.0,6.0,33.0,10.0,9.0,6.0,20.0,2019.0,4867309.0,1.24,21.41,13.87,331430.0,7.8,6.0,3.8,7.4,84.4,80.9,,,7.0,0.2,3.4,,,3.1,68093.0674423999,82.65,52.865196,-7.9794599,Europe
Germany,17,17,65.0,30.0,39.0,44.0,17.0,19.0,17.0,25.0,2019.0,82905782.0,0.3,13.62,21.46,3693204.0,2.2,3.6,4.8,11.1,83.4,78.7,,,7.3,0.1,3.4,,,4.2,44547.001558950375,81.05000000000001,51.1638175,10.4478313,Europe
Belgium,18,7,57.0,53.0,22.0,53.0,20.0,44.0,21.0,26.0,2019.0,11433256.0,0.51,17.06,18.79,494764.0,1.7,6.4,6.6,10.0,83.9,79.4,,,9.0,,3.5,,,3.3,43274.11194151518,81.65,50.6402809,4.6667145,Europe
United States,19,49,35.0,70.0,37.0,62.0,42.0,12.0,10.0,39.0,2019.0,326687501.0,0.52,18.71,15.81,19485394.0,2.2,4.1,5.0,17.1,81.1,76.1,,,3.0,,6.0,,,2.6,59645.361210192124,78.6,39.7837304,-100.445882,North America
Czech Republic,20,20,74.0,22.0,24.0,58.0,121.0,117.0,32.0,31.0,2019.0,10627165.0,1.08,27.98,7.08,75932.0,4.6,5.5,4.496969696969698,6.2,77.2,70.81,,,45.0,0.9,27.5,,,1.6,7145.085260274024,74.005,49.7439047,15.3381061,Europe
United Arab Emirates,21,65,43.0,56.0,72.0,4.0,,15.0,4.0,60.0,2019.0,9630959.0,1.5,14.6,1.09,382575.0,0.8,1.7,4.496969696969698,3.5,79.16,77.13,,,1.0,,6.5,,,2.4,39723.45848424856,78.145,24.0002488,53.9994829,Asia
Malta,22,42,83.0,103.0,16.0,12.0,32.0,5.0,28.0,19.0,2019.0,484630.0,3.49,14.28,20.35,12553.0,6.7,3.8,5.3,9.3,84.6,80.2,,,14.0,,5.5,,,3.8,25902.234694509214,82.4,35.8885993,14.4476911,Europe
Mexico,23,76,6.0,40.0,67.0,71.0,87.0,120.0,57.0,46.0,2019.0,126190788.0,1.13,26.56,7.22,1158229.0,2.1,3.3,5.2,5.5,77.84,72.12,,,23.0,0.2,15.2,,,2.2,9178.39581126952,74.98,23.6585116,-102.0077097,North America
France,24,19,56.0,66.0,32.0,69.0,21.0,68.0,25.0,5.0,2019.0,66977107.0,0.17,17.96,20.03,2582492.0,2.2,8.6,5.5,11.5,85.6,79.6,,,8.9,0.3,3.5,,,3.2,38557.83140946951,82.6,46.603354,1.8883335,Europe
Taiwan,25,37,17.0,1.0,48.0,102.0,56.0,56.0,76.5,,2019.0,69428524.0,0.32,17.09,11.9,455303.0,3.9,1.4,4.1,3.7,80.7,73.23,,,153.0,1.1,10.1,,,0.8,6557.866619777197,76.965,23.9739374,120.9820179,Africa
Chile,26,61,15.0,78.0,58.0,98.0,99.0,45.0,49.0,30.0,2019.0,18729160.0,1.39,19.75,11.53,277081.0,1.5,7.1,5.4,8.5,82.38,77.55,,,18.0,0.5,7.2,,,1.1,14794.096478432562,79.965,-31.7613365,-71.3187697,South America
Guatemala,27,136,8.0,85.0,78.0,25.0,82.0,78.0,99.0,85.0,2019.0,17247807.0,1.95,34.44,4.81,75620.0,2.8,2.6,2.8,5.8,76.94,71.12,,,26.0,0.4,26.9,,,0.4,4384.3254971487095,74.03,15.5855545,-90.345759,North America
Saudi Arabia,28,93,49.0,82.0,62.0,68.0,,82.0,11.0,74.0,2019.0,33699947.0,1.8,25.04,3.31,683827.0,-0.7,5.3,4.496969696969698,5.7,76.61,73.8,,,10.0,,8.7,,,2.4,20291.634286546505,75.205,25.6242618,42.3528328,Asia
Qatar,29,86,,,,,,,1.0,43.0,2019.0,2781677.0,2.07,13.54,1.37,167605.0,1.6,0.1,2.9,3.1,81.88,78.98,,,31.0,,7.3,,,0.0,60253.2213481292,80.43,25.3336984,51.2295295,Asia
Spain,30,21,107.0,107.0,26.0,95.0,78.0,50.0,30.0,3.0,2019.0,46796540.0,0.44,14.67,19.38,1314314.0,3.0,13.4,4.3,9.0,86.1,80.7,,,9.4,0.3,2.9,,,4.1,28085.708900700778,83.4,39.3260685,-4.8379791,Europe
Panama,31,121,7.0,48.0,41.0,32.0,104.0,88.0,51.0,33.0,2019.0,4176873.0,1.69,27.06,8.1,61838.0,5.4,4.7,3.2,7.3,81.59,75.24,,,52.0,0.9,16.0,,,1.6,14804.855211063395,78.41499999999999,8.559559,-81.1308434,North America
Brazil,32,116,69.0,105.0,43.0,84.0,71.0,108.0,70.0,72.0,2019.0,209469333.0,0.78,21.33,8.92,2055512.0,1.0,11.6,6.2,11.8,79.36,72.02,,,45.0,0.5,15.8,,,2.1,9812.949564316414,75.69,-10.3333333,-53.2,South America
Uruguay,33,88,10.0,76.0,35.0,30.0,33.0,80.0,52.0,35.0,2019.0,3449299.0,0.37,20.61,14.81,59180.0,2.7,8.2,4.4,9.1,81.36,73.96,,,33.0,0.6,10.0,,,5.0,17157.109314095414,77.66,-32.8755548,-56.0201525,South America
Singapore,34,5,38.0,2.0,36.0,20.0,1.0,21.0,3.0,1.0,2019.0,5638676.0,0.47,12.28,11.46,323901.0,3.6,1.7,2.9,4.5,85.4,81.0,,,47.0,0.2,2.1,,,2.3,57442.74010423724,83.2,1.357107,103.8194992,Asia
El Salvador,35,112,23.0,84.0,83.0,74.0,85.0,134.0,100.0,75.0,2019.0,6420744.0,0.51,27.13,8.29,24805.0,2.3,4.6,3.8,7.0,77.64,68.23,,,70.0,0.6,17.7,,,1.6,3863.2594602743857,72.935,13.8000382,-88.9140683,North America
Italy,36,31,99.0,123.0,23.0,132.0,128.0,48.0,29.0,7.0,2019.0,60421760.0,-0.19,13.33,22.75,1943835.0,1.6,10.4,4.1,8.9,85.2,80.8,,,7.0,0.3,3.0,,,4.1,32171.10855426919,83.0,42.6384261,12.674297,Europe
Bahrain,37,83,39.0,83.0,59.0,24.0,,23.0,20.0,42.0,2019.0,1569439.0,4.92,19.25,2.43,35326.0,3.8,1.2,2.3,4.9,78.28,76.31,,,11.0,,6.9,,,0.9,22508.67985311949,77.295,26.1551249,50.5344606,Asia
Slovakia,38,39,53.0,47.0,21.0,108.0,142.0,70.0,35.0,38.0,2019.0,5446771.0,0.14,15.45,15.63,95618.0,3.2,7.0,4.6,7.1,80.7,73.8,,,5.8,0.1,5.4,,,2.5,17554.98808376559,77.25,48.7411522,19.4528646,Europe
Trinidad and Tobago,39,89,14.0,52.0,29.0,51.0,141.0,41.0,38.0,93.0,2019.0,1389858.0,0.42,20.42,10.73,22105.0,-2.3,5.1,4.496969696969698,6.5,76.09,70.75,,,21.0,,26.1,,,2.7,15904.502474353494,73.42,10.7466905,-61.0840075,North America
Poland,40,28,76.0,33.0,44.0,52.0,108.0,77.0,41.0,36.0,2019.0,37974750.0,0.0,15.05,17.52,526212.0,4.8,4.4,4.8,6.5,81.8,73.9,,,16.0,,4.4,,,2.4,13856.891750439436,77.85,52.215933,19.134422,Europe
Uzbekistan,41,99,19.0,15.0,11.0,1.0,18.0,29.0,104.0,83.0,2019.0,32955400.0,1.73,28.69,4.42,49677.0,5.2,6.7,6.4,6.3,73.68,69.44,,,70.0,0.2,27.7,,,2.4,1507.4009115349836,71.56,41.32373,63.9528098,Asia
Lithuania,42,55,138.0,41.0,17.0,122.0,113.0,124.0,36.0,62.0,2019.0,2801543.0,-0.95,14.88,19.71,47544.0,4.1,6.8,4.2,6.7,80.9,71.9,,,44.0,,4.4,,,4.3,16970.647960784467,76.4,55.3500003,23.7499997,Europe
Colombia,43,120,30.0,88.0,52.0,56.0,124.0,111.0,74.0,51.0,2019.0,49648685.0,1.52,23.08,8.48,309191.0,1.8,9.2,4.4,5.9,79.86,74.33,,,33.0,0.4,14.4,,,2.1,6227.576823031667,77.095,4.099917,-72.9088133,South America
Slovenia,44,54,114.0,71.0,14.0,13.0,97.0,54.0,34.0,29.0,2019.0,2073894.0,0.36,15.02,19.61,48456.0,4.9,6.0,4.9,8.5,84.0,78.2,,,5.3,0.1,2.2,,,3.0,23364.742846066383,81.1,46.1199444,14.8153333,Europe
Nicaragua,45,133,31.0,125.0,66.0,70.0,43.0,71.0,108.0,53.0,2019.0,6465513.0,1.26,30.2,5.25,13814.0,4.9,4.5,4.3,8.7,77.77,70.74,,,41.0,0.2,17.8,,,1.0,2136.566734921111,74.255,12.6090157,-85.2936911,North America
Kosovo,46,107,71.0,7.0,85.0,50.0,144.0,31.0,88.0,,2019.0,2108132.0,0.8,32.72,4.9,2632.0,-1.6,28.2,6.4,8.1,56.95,50.58,,,611.0,23.6,65.4,,,1.8122448979591843,1248.4986708612175,53.765,42.5869578,20.9021231,Europe
Argentina,47,97,28.0,93.0,46.0,54.0,109.0,123.0,55.0,37.0,2019.0,44494502.0,1.02,24.76,11.12,637486.0,2.9,7.9,5.6,7.5,79.86,73.08,,,27.0,0.4,12.1,,,4.0,14327.298235633698,76.47,-34.9964963,-64.9672817,South America
Romania,48,75,80.0,62.0,86.0,57.0,146.0,102.0,48.0,61.0,2019.0,19466145.0,-0.62,15.53,18.34,211804.0,6.9,5.0,3.1,5.0,79.2,71.8,,,68.0,0.1,8.4,,,2.3,10880.634044388347,75.5,45.9852129,24.6859225,Europe
Cyprus,49,95,60.0,99.0,90.0,81.0,115.0,39.0,33.0,6.0,2019.0,1189265.0,0.81,16.79,13.72,22054.0,4.2,9.9,6.4,6.9,82.91,78.74,,,5.4,,4.2,,,2.0,18544.226896444445,80.82499999999999,34.9823018,33.1451285,Europe
Ecuador,50,113,11.0,113.0,71.0,42.0,68.0,95.0,86.0,45.0,2019.0,17084357.0,1.77,28.03,7.16,104296.0,3.0,4.2,5.0,8.4,79.64,74.06,,,44.0,0.4,15.1,,,2.0,6104.765897832737,76.85,-1.3397668,-79.3666965,South America
Kuwait,51,98,89.0,97.0,69.0,47.0,,42.0,5.0,70.0,2019.0,4137309.0,1.98,21.54,2.55,119534.0,-3.5,2.0,4.496969696969698,3.9,76.47,74.67,,,23.0,0.1,8.2,,,2.6,28891.72648211676,75.57,29.2733964,47.4979476,Asia
Thailand,52,81,20.0,35.0,53.0,18.0,131.0,10.0,62.0,58.0,2019.0,69428524.0,0.32,17.09,11.9,455303.0,3.9,1.4,4.1,3.7,80.7,73.23,,,153.0,1.1,10.1,,,0.8,6557.866619777197,76.965,14.8971921,100.83273,Asia
Latvia,53,30,119.0,38.0,34.0,126.0,92.0,105.0,43.0,68.0,2019.0,1927174.0,-0.78,16.0,20.04,30463.0,4.6,8.5,5.3,6.2,79.8,69.8,,,29.0,0.4,5.2,,,3.2,15807.083325117505,74.8,56.8406494,24.7537645,Europe
South Korea,54,57,101.0,45.0,91.0,144.0,100.0,40.0,27.0,9.0,2019.0,57779622.0,1.36,29.08,5.32,348872.0,1.3,27.6,6.1,8.1,67.4,60.46,,,520.0,20.4,32.9,,,0.9,6037.976503203846,63.93000000000001,36.638392,127.6961188,Asia
Estonia,55,32,50.0,6.0,12.0,45.0,30.0,83.0,37.0,41.0,2019.0,1321977.0,0.35,16.36,19.63,25921.0,4.9,5.5,5.2,6.7,83.0,74.3,,,13.0,0.9,3.2,,,3.5,19607.75414398284,78.65,58.7523778,25.3319078,Europe
Jamaica,56,102,51.0,51.0,28.0,49.0,130.0,119.0,93.0,55.0,2019.0,2934855.0,0.48,23.75,8.8,14827.0,1.0,11.9,5.3,6.1,75.99,72.79,,,2.9,1.9,14.9,,,1.3,5052.038346017094,74.39,18.1850507,-77.3947693,North America
Mauritius,57,94,55.0,16.0,54.0,40.0,96.0,37.0,53.0,73.0,2019.0,1265303.0,0.05,17.79,11.47,13366.0,3.9,7.0,5.0,5.7,77.72,71.27,,,13.0,1.3,12.0,,,2.0,10563.477680840084,74.495,-20.2759451,57.5703566,Africa
Japan,58,43,73.0,14.0,50.0,64.0,39.0,92.0,24.0,2.0,2019.0,126529100.0,-0.2,12.7,27.58,4872415.0,1.7,2.4,3.5,10.9,87.32,81.25,,,14.0,0.1,2.2,,,2.4,38508.25620351366,84.285,36.5748441,139.2394179,Asia
Honduras,59,151,13.0,73.0,84.0,39.0,79.0,51.0,113.0,57.0,2019.0,9587522.0,1.67,31.74,4.69,22979.0,4.8,4.3,6.0,8.4,77.38,72.77,,,37.0,0.3,18.4,,,0.3,2396.7611234686083,75.07499999999999,15.2572432,-86.0755145,North America
Kazakhstan,60,40,81.0,5.0,19.0,80.0,57.0,57.0,47.0,88.0,2019.0,18272430.0,1.29,28.46,7.39,159407.0,4.0,5.2,2.9,3.5,77.19,68.84,,,68.0,0.2,14.1,,,3.3,8723.90809542026,73.015,48.1012954,66.7780818,Asia
Bolivia,61,71,70.0,138.0,93.0,35.0,91.0,104.0,101.0,94.0,2019.0,11353142.0,1.42,31.07,7.19,37509.0,4.2,3.2,7.3,6.9,74.21,68.43,,,108.0,0.3,32.4,,,1.6,3303.843112329609,71.32,-17.0568696,-64.9912286,South America
Hungary,62,36,86.0,31.0,51.0,138.0,140.0,100.0,42.0,56.0,2019.0,9775564.0,-0.13,14.41,19.16,139761.0,4.1,3.4,4.6,7.4,79.3,72.5,,,6.4,0.1,5.0,,,3.2,14296.975601612347,75.9,47.1817585,19.5060937,Europe
Paraguay,63,90,1.0,39.0,30.0,34.0,76.0,67.0,90.0,81.0,2019.0,6956071.0,1.29,29.44,6.43,29435.0,4.3,4.6,4.5,8.0,76.25,72.16,,,43.0,0.5,20.8,,,1.4,4231.555428344534,74.205,-23.3165935,-58.1693445,South America
Northern Cyprus,64,35,144.0,90.0,81.0,77.0,29.0,43.0,76.5,,2019.0,1189265.0,0.81,16.79,13.72,22054.0,4.2,9.9,6.4,6.9,82.91,78.74,,,5.4,,4.2,,,2.0,18544.226896444445,80.82499999999999,35.2245313,33.6252379,Africa
Peru,65,114,36.0,127.0,77.0,61.0,132.0,126.0,76.0,47.0,2019.0,31989256.0,1.72,25.79,8.09,211403.0,2.5,3.7,3.9,5.1,79.28,73.83,,,123.0,0.3,14.1,,,1.3,6608.562574884518,76.555,-6.8699697,-75.0458515,South America
Portugal,66,73,97.0,100.0,47.0,37.0,135.0,122.0,39.0,22.0,2019.0,10283822.0,-0.16,13.46,21.95,195041.0,0.9,6.7,4.9,9.1,84.9,78.7,,,24.0,0.5,2.9,,,3.3,18965.808626403687,81.80000000000001,39.6621648,-8.1353519,Europe
Pakistan,67,53,130.0,111.0,130.0,114.0,55.0,58.0,110.0,114.0,2019.0,212215030.0,2.06,35.27,4.31,302139.0,5.7,4.3,2.8,2.8,68.11,66.19,,,265.0,0.1,68.1,,,1.0,1423.7398736555087,67.15,30.3308401,71.247499,Asia
Russia,68,64,96.0,9.0,40.0,107.0,127.0,101.0,45.0,89.0,2019.0,8840521.0,0.49,14.3,19.0,416836.0,2.6,5.4,5.5,10.4,84.0,79.4,,,7.1,,3.3,,,5.1,47150.61476580396,81.7,64.6863136,97.7453061,Europe
Philippines,69,119,42.0,116.0,75.0,15.0,49.0,115.0,97.0,99.0,2019.0,106651922.0,1.4,30.96,5.12,313595.0,6.7,1.8,4.496969696969698,4.4,75.39,67.12,,,554.0,0.1,23.7,,,1.8122448979591843,2940.3595745794437,71.255,12.7503486,122.7312101,Asia
Serbia,70,100,148.0,92.0,57.0,124.0,118.0,84.0,71.0,48.0,2019.0,6982604.0,-0.55,15.69,18.35,41590.0,2.0,12.2,3.9,9.1,78.1,73.1,,,17.0,0.1,6.1,,,3.1,5956.230655497577,75.6,44.1534121,20.55144,Europe
Moldova,71,45,133.0,67.0,65.0,128.0,148.0,86.0,109.0,86.0,2019.0,2706049.0,,15.86,11.47,8128.0,4.5,4.3,6.7,9.0,76.07,67.53,,,86.0,0.6,14.2,,,3.2,3003.6411018425756,71.8,47.2879608,28.5670941,Europe
Libya,72,115,85.0,137.0,73.0,79.0,31.0,87.0,63.0,96.0,2019.0,6678567.0,1.48,28.32,4.39,25127.0,64.0,15.0,4.496969696969698,6.1,75.79,69.9,,,40.0,0.2,13.0,,,2.2,3762.3340456118804,72.845,26.8234472,18.1236723,Africa
Montenegro,73,84,143.0,118.0,60.0,139.0,77.0,76.0,61.0,44.0,2019.0,622227.0,-0.02,18.21,14.97,4845.0,4.7,16.2,4.496969696969698,6.804666666666668,79.2,74.32,,,15.0,0.1,4.3,,,2.3,7786.547353297109,76.75999999999999,42.9868853,19.5180992,Europe
Tajikistan,74,50,120.0,54.0,113.0,86.0,35.0,72.0,123.0,92.0,2019.0,9100837.0,2.45,36.78,3.02,7146.0,7.1,10.3,5.2,7.0,73.18,68.73,,,84.0,0.2,34.1,,,1.7,785.2025039015642,70.95500000000001,38.6281733,70.8156541,Asia
Croatia,75,29,122.0,101.0,79.0,118.0,139.0,81.0,50.0,32.0,2019.0,4087843.0,-0.89,14.51,20.45,55201.0,2.9,8.4,4.6,7.2,81.4,74.9,,,8.4,0.1,4.3,,,3.0,13503.698649874763,78.15,45.3658443,15.6575209,Europe
Hong Kong,76,33,105.0,28.0,76.0,66.0,14.0,18.0,9.0,,2019.0,7451000.0,0.8,11.9,16.88,341659.0,3.8,2.9,3.3,6.804666666666668,87.7,82.3,,,67.0,,1.6,,,1.8122448979591843,45854.11354180647,85.0,22.2793278,114.1628131,Africa
Dominican Republic,77,155,66.0,77.0,55.0,43.0,52.0,93.0,69.0,80.0,2019.0,10627165.0,1.08,27.98,7.08,75932.0,4.6,5.5,4.496969696969698,6.2,77.2,70.81,,,45.0,0.9,27.5,,,1.6,7145.085260274024,74.005,19.0974031,-70.3028026,North America
Bosnia and Herzegovina ,78,80,116.0,79.0,92.0,137.0,145.0,32.0,82.0,50.0,2019.0,3323929.0,-0.83,14.77,16.47,18169.0,3.0,26.5,4.496969696969698,9.2,79.72,74.75,,,25.0,0.1,6.9,,,2.0,5466.121568782005,77.235,44.3053476,17.5961467,Africa
Turkey,79,58,154.0,121.0,61.0,140.0,50.0,98.0,44.0,69.0,2019.0,82319724.0,1.49,24.65,8.48,851542.0,7.4,11.2,4.3,4.3,80.34,74.45,,,16.0,,11.8,,,1.8,10344.325255512276,77.39500000000001,38.9597594,34.9249653,Asia
Malaysia,80,12,25.0,23.0,97.0,36.0,137.0,27.0,40.0,59.0,2019.0,31528585.0,1.35,24.0,6.67,314707.0,5.9,3.3,4.7,3.8,78.17,74.08,,,92.0,0.4,6.4,,,1.5,9981.640470068669,76.125,4.5693754,102.2656823,Asia
Belarus,81,22,149.0,36.0,33.0,131.0,37.0,103.0,58.0,76.0,2019.0,9483499.0,-0.16,16.87,14.85,54441.0,2.4,0.5,4.8,6.3,79.4,69.2,,,31.0,0.5,3.4,,,4.1,5740.602703706722,74.30000000000001,53.4250605,27.6971358,Europe
Greece,82,87,102.0,94.0,102.0,150.0,123.0,152.0,46.0,21.0,2019.0,10731726.0,-0.21,14.07,21.66,203086.0,1.5,19.5,4.496969696969698,8.5,83.9,78.8,,,4.5,,3.3,,,4.6,18923.88978250097,81.35,38.9953683,21.9877132,Europe
Mongolia,83,48,95.0,17.0,10.0,112.0,119.0,38.0,80.0,97.0,2019.0,3170208.0,1.8,30.41,4.08,11135.0,5.1,6.2,4.1,3.8,73.96,65.63,,,428.0,0.1,22.8,,,2.9,3512.387830703853,69.79499999999999,46.8250388,103.8499736,Asia
Macedonia,84,67,140.0,89.0,74.0,105.0,125.0,55.0,75.0,52.0,2019.0,284060.0,1.31,22.74,9.17,9894.0,2.7,14.8,4.496969696969698,6.804666666666668,79.3,75.1,,,15.0,,13.0,,,1.8122448979591843,34830.669576849956,77.19999999999999,41.6171214,21.7168387,Europe
Nigeria,85,130,61.0,55.0,111.0,75.0,114.0,59.0,107.0,145.0,2019.0,195874740.0,2.59,43.87,2.75,375770.0,0.8,7.0,4.496969696969698,3.6,55.24,53.45,,,219.0,1.5,75.0,,,0.4,1918.4199044756867,54.345,9.6000359,7.9999721,Africa
Kyrgyzstan,86,46,58.0,4.0,45.0,38.0,138.0,36.0,120.0,91.0,2019.0,6322800.0,1.99,32.35,4.49,7565.0,4.6,7.4,7.2,6.6,75.6,67.4,,,116.0,0.2,19.5,,,1.9,1196.4635920794585,71.5,41.5089324,74.724091,Asia
Turkmenistan,87,2,135.0,63.0,8.0,83.0,,33.0,60.0,100.0,2019.0,5850908.0,1.61,30.82,4.43,37915.0,6.5,3.3,3.0,6.6,71.58,64.6,,,46.0,,46.9,,,2.2,6480.190766971554,68.09,39.3763807,59.3924609,Asia
Algeria,88,56,113.0,106.0,101.0,149.0,46.0,128.0,72.0,78.0,2019.0,42228429.0,2.01,30.15,6.36,167555.0,1.4,9.9,4.496969696969698,6.6,77.94,75.49,,,69.0,0.1,24.9,,,1.8,3967.8246140769293,76.715,28.0000272,2.9999825,Africa
Morocco,89,101,110.0,91.0,139.0,76.0,84.0,154.0,98.0,79.0,2019.0,36029138.0,1.25,27.21,7.01,109709.0,5.6,9.3,4.496969696969698,5.8,77.67,75.19,,,99.0,0.1,24.2,,,0.7,3045.0076268824414,76.43,31.1728205,-7.3362482,Africa
Azerbaijan,90,24,134.0,20.0,104.0,101.0,22.0,146.0,65.0,82.0,2019.0,9939800.0,0.87,23.37,6.2,40749.0,0.1,5.0,2.9,6.9,75.34,70.34,,,63.0,,31.4,,,3.4,4099.5794683997665,72.84,40.3936294,47.7872508,Asia
Lebanon,91,60,150.0,61.0,89.0,136.0,133.0,63.0,73.0,66.0,2019.0,6848925.0,0.54,26.1,7.0,53394.0,0.6,6.7,2.5,8.0,80.82,77.08,,,11.0,0.1,9.6,,,2.3,7795.967980376482,78.94999999999999,33.8750629,35.843409,Asia
Indonesia,92,108,9.0,104.0,94.0,48.0,129.0,2.0,83.0,98.0,2019.0,267663435.0,1.13,26.55,5.86,1015539.0,5.1,4.4,3.6,3.1,73.75,69.38,,,316.0,0.4,25.0,,,0.4,3794.0893943918786,71.565,-2.4833826,117.8902853,Asia
China,93,72,21.0,11.0,108.0,31.0,,133.0,68.0,34.0,2019.0,1392730000.0,0.46,17.88,10.92,12237782.0,6.9,4.8,4.496969696969698,5.0,79.05,74.55,,,61.0,,12.3,,,1.8,8786.901983873398,76.8,35.000074,104.999927,Asia
Vietnam,94,27,121.0,27.0,64.0,23.0,86.0,97.0,105.0,49.0,2019.0,575991.0,0.96,27.17,6.91,3807.0,-0.7,8.0,4.496969696969698,6.1,74.94,68.37,,,38.0,1.4,20.3,,,1.2,6609.478273098018,71.655,15.9266657,107.9650855,Asia
Bhutan,95,6,37.0,98.0,68.0,59.0,25.0,13.0,95.0,104.0,2019.0,754394.0,1.18,25.77,6.0,2562.0,6.0,2.4,7.1,3.5,71.82,71.12,,,149.0,0.3,30.5,,,0.4,3396.103362433954,71.47,27.549511,90.5119273,Asia
Cameroon,96,131,106.0,129.0,129.0,90.0,120.0,91.0,121.0,141.0,2019.0,25216237.0,2.61,42.63,2.73,34924.0,3.5,4.2,3.1,4.7,60.19,57.66,,,186.0,3.6,70.7,,,0.1,1384.980637674051,58.925,4.6125522,13.1535811,Africa
Bulgaria,97,47,117.0,13.0,18.0,115.0,147.0,112.0,56.0,65.0,2019.0,7025037.0,-0.72,14.6,21.02,58222.0,3.8,4.4,4.1,8.2,78.4,71.5,,,22.0,0.1,8.3,,,4.0,8287.785530524607,74.95,42.6073975,25.4856617,Europe
Ghana,98,129,92.0,72.0,132.0,91.0,117.0,52.0,114.0,121.0,2019.0,29767108.0,2.19,37.6,3.07,58996.0,8.1,2.5,4.5,4.4,64.85,62.72,,,148.0,1.7,44.8,,,0.2,1981.9191034614446,63.785,8.0300284,-1.0800271,Africa
Ivory Coast,99,134,88.0,130.0,137.0,100.0,62.0,114.0,118.0,147.0,2019.0,25069229.0,2.55,41.94,2.86,38055.0,7.7,2.6,4.4,4.4,58.74,56.25,,,142.0,2.6,67.5,,,0.2,1517.9964250196924,57.495000000000005,7.9897371,-5.5679458,Africa
Nepal,100,128,137.0,134.0,87.0,67.0,65.0,46.0,127.0,95.0,2019.0,28087871.0,1.65,30.41,5.73,24870.0,7.5,2.6,5.1,6.3,71.9,68.99,,,151.0,0.1,33.8,,,0.7,885.4355675444393,70.445,28.1083929,84.0917139,Asia
Jordan,101,127,112.0,120.0,88.0,88.0,,118.0,92.0,63.0,2019.0,9956011.0,1.79,34.25,3.85,40708.0,2.1,14.5,3.6,5.5,76.18,72.73,,,5.0,0.1,17.1,,,2.3,4088.7861614455833,74.45500000000001,31.1667049,36.941628,Asia
Benin,102,149,118.0,148.0,153.0,103.0,75.0,116.0,128.0,133.0,2019.0,11485048.0,2.73,42.45,3.25,9236.0,5.0,2.3,4.0,3.9,63.0,59.91,,,56.0,1.0,67.7,,,0.2,804.176003443782,61.455,9.5293472,2.2584408,Africa
Congo (Brazzaville),103,152,124.0,136.0,138.0,92.0,60.0,140.0,111.0,116.0,2019.0,5244363.0,2.58,41.76,2.68,11292.0,-3.1,11.5,4.6,4.6,65.7,62.84,,,375.0,2.6,41.4,,,0.1,2153.169031205506,64.27000000000001,-0.7264327,15.6419155,Africa
Gabon,104,105,111.0,144.0,95.0,119.0,103.0,143.0,59.0,108.0,2019.0,2119275.0,2.6,37.03,3.56,14623.0,1.1,19.2,2.7,3.1,68.32,64.15,,,525.0,3.8,41.9,,,0.4,6900.001179648701,66.235,-0.8999695,11.6899699,Africa
Laos,105,59,5.0,112.0,120.0,22.0,27.0,34.0,102.0,112.0,2019.0,9483499.0,-0.16,16.87,14.85,54441.0,2.4,0.5,4.8,6.3,79.4,69.2,,,31.0,0.5,3.4,,,4.1,5740.602703706722,74.30000000000001,20.0171109,103.378253,Africa
South Africa,106,124,40.0,80.0,63.0,85.0,102.0,89.0,77.0,123.0,2019.0,57779622.0,1.36,29.08,5.32,348872.0,1.3,27.6,6.1,8.1,67.4,60.46,,,520.0,20.4,32.9,,,0.9,6037.976503203846,63.93000000000001,-28.8166236,24.991639,Africa
Albania,107,126,90.0,108.0,133.0,87.0,134.0,60.0,81.0,40.0,2019.0,2866376.0,-0.25,17.67,13.74,13039.0,3.8,15.1,4.0,6.7,80.17,76.82,,,18.0,,9.2,,,1.2,4548.94961442602,78.495,41.000028,19.9999619,Europe
Venezuela,108,141,77.0,135.0,49.0,145.0,110.0,139.0,78.0,71.0,2019.0,28870195.0,-1.79,27.67,7.27,255093.0,-14.0,7.7,4.496969696969698,3.2,76.07,68.4,,,48.0,,15.0,,,1.8122448979591843,8835.859958687497,72.235,8.0018709,-66.1109318,South America
Cambodia,109,135,27.0,142.0,109.0,2.0,94.0,61.0,116.0,102.0,2019.0,16249798.0,1.49,31.2,4.57,22121.0,7.0,0.2,1.9,6.1,71.63,67.31,,,302.0,0.5,30.0,,,0.2,1361.309229813195,69.47,12.5433216,104.8144914,Asia
Palestinian Territories,110,110,128.0,140.0,82.0,134.0,90.0,147.0,112.0,,2019.0,4569087.0,2.53,38.95,3.13,14498.0,3.1,26.4,5.3,6.804666666666668,75.6,72.26,,,0.77,,19.3,,,1.8122448979591843,3173.0628022622464,73.93,31.462420950000002,34.262716572130714,Asia
Senegal,111,44,68.0,60.0,106.0,121.0,88.0,130.0,126.0,109.0,2019.0,15854360.0,2.78,43.06,3.09,21126.0,6.7,4.8,6.2,5.6,69.63,65.5,,,118.0,0.4,38.3,,,0.1,1332.5041187408385,67.565,14.4750607,-14.4529612,Africa
Somalia,112,74,2.0,18.0,145.0,14.0,16.0,96.0,76.5,144.0,2019.0,15008154.0,2.83,46.58,2.87,1535.0,1.8,5.9,4.496969696969698,6.804666666666668,58.79,55.41,,,262.0,0.1,79.4,,,0.0,102.27773515650226,57.099999999999994,8.3676771,49.083416,Africa
Namibia,113,106,75.0,59.0,70.0,82.0,98.0,142.0,89.0,122.0,2019.0,2448255.0,1.88,36.91,3.64,13245.0,-0.8,23.2,3.1,9.1,66.18,60.36,,,524.0,11.8,38.6,,,1.8122448979591843,5409.9756765533,63.27,-23.2335499,17.3231107,Africa
Niger,114,144,79.0,141.0,140.0,111.0,51.0,135.0,148.0,138.0,2019.0,22442948.0,3.82,49.98,2.6,8120.0,4.9,0.4,3.5,6.2,63.21,60.9,,,87.0,0.3,55.9,,,0.0,361.8063010260506,62.055,17.7356214,9.3238432,Africa
Burkina Faso,115,92,115.0,117.0,116.0,127.0,47.0,125.0,137.0,136.0,2019.0,19751535.0,2.87,44.95,2.41,12325.0,6.3,6.2,4.2,6.8,61.86,60.36,,,48.0,0.7,64.7,,,0.1,624.0021345176464,61.11,12.0753083,-1.6880314,Africa
Armenia,116,82,126.0,145.0,117.0,123.0,93.0,129.0,91.0,64.0,2019.0,2951776.0,0.24,20.63,11.25,11537.0,7.5,18.4,2.8,9.9,78.35,71.22,,,31.0,0.2,13.2,,,2.9,3908.49441150006,74.785,40.7696272,44.6736646,Asia
Iran,117,109,109.0,150.0,134.0,117.0,44.0,28.0,54.0,77.0,2019.0,81800269.0,1.39,24.48,6.18,460976.0,3.8,12.2,3.8,8.1,77.67,75.41,,,14.0,0.1,15.2,,,1.1,5635.384890971446,76.53999999999999,32.6475314,54.5643516,Asia
Guinea,118,146,82.0,143.0,136.0,109.0,70.0,94.0,130.0,137.0,2019.0,12414318.0,2.83,43.85,2.93,10208.0,8.2,4.5,2.2,5.5,61.67,60.48,,,176.0,1.4,65.7,,,0.1,822.2763425264279,61.075,10.7226226,-10.7083587,Africa
Georgia,119,51,141.0,43.0,147.0,104.0,28.0,153.0,87.0,84.0,2019.0,3726549.0,-0.04,19.8,14.87,15159.0,4.8,11.6,3.8,8.4,77.99,69.17,,,80.0,0.4,12.9,,,5.1,4067.8386356921646,73.58,32.3293809,-83.1137366,Asia
Gambia,120,142,29.0,109.0,125.0,89.0,26.0,64.0,139.0,130.0,2019.0,2280102.0,2.95,44.27,2.59,1489.0,4.6,9.4,3.1,4.4,63.15,60.36,,,174.0,1.9,49.8,,,0.1,653.0409604482606,61.754999999999995,13.470062,-15.4900464,Africa
Kenya,121,118,59.0,46.0,123.0,72.0,105.0,26.0,122.0,106.0,2019.0,51393010.0,2.31,39.78,2.34,74938.0,4.9,11.4,5.2,4.5,68.68,63.96,,,292.0,4.7,41.6,,,0.2,1458.1360383445142,66.32000000000001,1.4419683,38.4313975,Africa
Mauritania,122,68,94.0,58.0,99.0,151.0,67.0,148.0,117.0,120.0,2019.0,4403319.0,2.78,40.08,3.14,4992.0,3.5,9.9,2.6,4.2,66.29,63.08,,,93.0,0.2,58.9,,,0.2,1133.6902913461413,64.685,20.2540382,-9.2399263,Africa
Mozambique,123,154,108.0,131.0,122.0,46.0,40.0,121.0,146.0,134.0,2019.0,29495962.0,2.91,44.67,2.89,12652.0,3.7,24.8,6.5,5.1,62.97,57.11,,,551.0,12.6,62.8,,,0.1,428.94006983057545,60.04,-19.302233,34.9144977,Africa
Tunisia,124,79,147.0,132.0,121.0,143.0,101.0,144.0,84.0,67.0,2019.0,11565204.0,1.15,24.17,8.32,40069.0,2.0,15.1,6.6,7.0,78.54,74.49,,,35.0,0.1,14.6,,,1.3,3464.6167936164375,76.515,33.8439408,9.400138,Africa
Bangladesh,125,52,145.0,68.0,126.0,27.0,36.0,107.0,119.0,90.0,2019.0,161356039.0,1.05,27.71,5.16,245633.0,7.3,4.4,1.5,2.4,74.29,70.64,,,221.0,0.1,33.2,,,0.5,1522.304349575661,72.465,24.4769288,90.2934413,Asia
Iraq,126,147,151.0,154.0,124.0,130.0,66.0,73.0,64.0,107.0,2019.0,38433600.0,2.32,38.39,3.32,182024.0,1.0,8.3,4.496969696969698,3.3,72.49,68.43,,,42.0,,28.5,,,0.8,4736.064277090879,70.46000000000001,33.0955793,44.1749775,Asia
Congo (Kinshasa),127,78,125.0,95.0,107.0,125.0,106.0,127.0,149.0,140.0,2019.0,84068091.0,3.23,46.17,3.02,37642.0,3.7,3.7,1.5,3.9,61.9,58.85,,,321.0,0.8,73.1,,,0.1,447.7560933315353,60.375,-2.9814344,23.8222636,Africa
Mali,128,96,48.0,122.0,112.0,110.0,107.0,138.0,129.0,142.0,2019.0,19077690.0,3.01,47.54,2.51,15236.0,6.9,8.1,3.1,3.8,59.65,58.14,,,53.0,1.4,78.5,,,0.1,798.6291841412666,58.894999999999996,16.3700359,-2.2900239,Africa
Sierra Leone,129,153,139.0,149.0,135.0,116.0,112.0,79.0,145.0,146.0,2019.0,7650154.0,2.14,41.06,2.97,3740.0,3.8,4.2,4.6,16.5,55.11,53.47,,,298.0,1.5,97.1,,,0.0,488.879047402183,54.29,8.6400349,-11.8400269,Africa
Sri Lanka,130,91,32.0,81.0,80.0,55.0,111.0,35.0,79.0,54.0,2019.0,21670000.0,1.05,24.2,10.47,87357.0,3.3,4.2,2.8,3.9,80.12,73.42,,,64.0,0.1,8.8,,,1.0,4031.2413474850023,76.77000000000001,7.877395849999999,80.66247852355892,Asia
Myanmar,131,70,45.0,86.0,96.0,29.0,24.0,1.0,106.0,110.0,2019.0,53708395.0,0.61,26.37,5.78,67102.0,6.8,0.8,2.2,5.1,69.87,63.76,,,338.0,0.8,43.7,,,0.9,1249.376377752491,66.815,17.1750495,95.9999652,Asia
Chad,132,139,136.0,151.0,141.0,142.0,80.0,106.0,133.0,148.0,2019.0,15477751.0,3.02,47.13,2.48,10717.0,-3.1,5.9,2.9,4.5,55.4,52.58,,,142.0,1.3,84.1,,,0.0,692.4132582311216,53.989999999999995,15.6134137,19.0156172,Africa
Ukraine,133,69,131.0,44.0,56.0,141.0,143.0,66.0,94.0,87.0,2019.0,44622516.0,-0.47,15.81,16.43,112154.0,2.5,8.6,5.0,6.7,76.72,66.69,,,80.0,1.0,8.8,,,3.0,2513.3948072313983,71.705,49.4871968,31.2718321,Europe
Ethiopia,134,38,100.0,74.0,119.0,106.0,53.0,99.0,135.0,115.0,2019.0,109224559.0,2.62,40.78,3.5,75605.0,11.1,5.4,4.7,4.0,68.17,64.35,,,151.0,1.0,45.8,,,0.1,692.1978050742233,66.25999999999999,10.2116702,38.6521203,Africa
Swaziland,135,104,26.0,57.0,103.0,113.0,41.0,145.0,96.0,,2019.0,69428524.0,0.32,17.09,11.9,455303.0,3.9,1.4,4.1,3.7,80.7,73.23,,,153.0,1.1,10.1,,,0.8,6557.866619777197,76.965,-26.5624806,31.3991317,Africa
Uganda,136,148,91.0,139.0,114.0,99.0,95.0,74.0,136.0,127.0,2019.0,42723139.0,3.72,46.93,1.94,27699.0,5.0,2.3,2.6,6.2,65.17,60.66,,,200.0,5.7,59.0,,,0.1,648.337192639333,62.915,1.5333554,32.2166578,Africa
Egypt,137,66,146.0,124.0,118.0,129.0,89.0,132.0,85.0,101.0,2019.0,98423595.0,2.03,33.8,5.23,195136.0,4.2,11.6,4.496969696969698,4.6,74.16,69.6,,,12.0,0.1,18.9,,,0.8,1982.614026646761,71.88,26.2540493,29.2675469,Africa
Zambia,138,145,84.0,128.0,115.0,73.0,69.0,53.0,115.0,131.0,2019.0,17351822.0,2.91,44.94,2.1,25868.0,3.5,7.8,4.496969696969698,4.5,66.45,60.53,,,346.0,11.3,53.3,,,0.1,1490.7944537467015,63.49,-14.5189121,27.5589884,Africa
Togo,139,103,123.0,147.0,149.0,120.0,72.0,131.0,142.0,132.0,2019.0,7889094.0,2.45,41.33,2.87,4786.0,4.4,1.8,5.1,6.6,61.61,59.89,,,36.0,2.3,55.7,,,0.0,606.6602831706657,60.75,8.7800265,1.0199765,Africa
India,140,41,93.0,115.0,142.0,41.0,73.0,65.0,103.0,105.0,2019.0,1352617328.0,1.04,27.05,6.18,2575667.0,6.7,3.5,3.8,3.6,70.69,68.24,,,199.0,,39.1,,,0.8,1904.2096731145825,69.465,22.3511148,78.6677428,Asia
Liberia,141,156,103.0,146.0,127.0,94.0,126.0,110.0,150.0,126.0,2019.0,4818977.0,2.45,41.12,3.25,2763.0,2.5,2.4,3.8,9.6,65.11,62.35,,,308.0,1.3,60.1,,,0.0,573.3582044487865,63.730000000000004,5.7499721,-9.3658524,Africa
Comoros,142,143,67.0,114.0,143.0,148.0,81.0,62.0,143.0,117.0,2019.0,832322.0,2.24,39.54,3.01,1082.0,3.4,4.3,4.3,7.6,65.9,62.4,,,35.0,0.1,58.1,,,0.2,1299.9776528795346,64.15,-12.2045176,44.2832964,Africa
Madagascar,143,77,46.0,96.0,128.0,146.0,116.0,136.0,144.0,111.0,2019.0,26262368.0,2.67,40.67,2.99,13208.0,1.2,1.8,2.8,6.0,68.3,65.08,,,233.0,0.3,36.8,,,0.2,502.9249456865428,66.69,-18.9249604,46.4416422,Africa
Lesotho,144,150,72.0,64.0,98.0,97.0,59.0,151.0,124.0,149.0,2019.0,2108132.0,0.8,32.72,4.9,2632.0,-1.6,28.2,6.4,8.1,56.95,50.58,,,611.0,23.6,65.4,,,1.8122448979591843,1248.4986708612175,53.765,-29.6039267,28.3350193,Africa
Burundi,145,138,98.0,126.0,152.0,135.0,23.0,149.0,151.0,135.0,2019.0,11175378.0,3.17,45.5,2.25,3155.0,0.0,1.5,4.3,7.7,63.03,59.44,,,111.0,1.0,52.3,,,0.0,282.3170724068573,61.235,-3.426449,29.9324519,Africa
Zimbabwe,146,123,63.0,34.0,110.0,96.0,63.0,141.0,131.0,129.0,2019.0,14439018.0,1.41,42.4,2.94,18037.0,3.0,5.0,7.5,9.4,62.6,59.5,,,210.0,12.7,51.2,,,0.1,1249.1846744702443,61.05,-18.4554963,29.7468414,Africa
Haiti,147,111,142.0,119.0,146.0,152.0,48.0,20.0,138.0,125.0,2019.0,11123176.0,1.27,33.24,4.95,8521.0,1.2,13.8,2.4,5.4,65.83,61.5,,,176.0,2.0,61.0,,,0.2,766.0581833821564,63.665,19.1399952,-72.3570972,North America
Botswana,148,125,87.0,65.0,105.0,60.0,54.0,150.0,66.0,113.0,2019.0,2254126.0,2.2,34.11,4.22,17407.0,2.4,17.8,4.496969696969698,5.5,72.05,66.2,,,275.0,20.3,35.5,,,0.4,7722.283492582047,69.125,-23.1681782,24.5928742,Africa
Syria,149,137,155.0,155.0,154.0,153.0,38.0,69.0,76.5,128.0,2019.0,6982604.0,-0.55,15.69,18.35,41590.0,2.0,12.2,3.9,9.1,78.1,73.1,,,17.0,0.1,6.1,,,3.1,5956.230655497577,75.6,34.6401861,39.0494106,Asia
Malawi,150,132,129.0,110.0,150.0,65.0,64.0,109.0,147.0,119.0,2019.0,18143315.0,2.64,43.9,2.65,6339.0,5.1,6.0,4.0,9.8,66.94,60.65,,,181.0,9.2,52.6,,,0.0,349.38488363344845,63.795,-13.2687204,33.9301963,Africa
Yemen,151,85,153.0,75.0,100.0,147.0,83.0,155.0,141.0,124.0,2019.0,28498687.0,2.36,39.61,2.88,27957.0,-5.9,14.0,4.496969696969698,5.6,67.8,64.42,,,48.0,0.1,43.3,,,0.3,980.9925629205303,66.11,16.3471243,47.8915271,Asia
Rwanda,152,63,54.0,102.0,144.0,21.0,2.0,90.0,132.0,103.0,2019.0,12301939.0,2.64,39.98,2.94,9136.0,6.1,1.4,3.2,6.8,70.78,66.52,,,59.0,2.5,39.4,,,0.1,742.6471550541748,68.65,-1.9646631,30.0644358,Africa
Tanzania,153,122,78.0,50.0,131.0,78.0,34.0,49.0,125.0,118.0,2019.0,2866376.0,-0.25,17.67,13.74,13039.0,3.8,15.1,4.0,6.7,80.17,76.82,,,18.0,,9.2,,,1.2,4548.94961442602,78.495,-6.5247123,35.7878438,Africa
Afghanistan,154,25,152.0,133.0,151.0,155.0,136.0,137.0,134.0,139.0,2019.0,37172386.0,2.38,43.09,2.58,21993.0,2.5,8.8,3.9,10.2,66.03,63.05,,,189.0,0.1,60.1,,,0.3,591.6488653701165,64.53999999999999,33.7680065,66.2385139,Asia
Central African Republic,155,117,132.0,153.0,155.0,133.0,122.0,113.0,152.0,150.0,2019.0,4666377.0,1.52,44.29,2.83,1993.0,4.3,5.6,1.2,4.3,54.99,50.65,,,540.0,3.6,90.3,,,0.1,427.09793915065154,52.82,7.0323598,19.9981227,Africa
South Sudan,156,140,127.0,152.0,148.0,154.0,61.0,85.0,140.0,143.0,2019.0,10975920.0,0.6,41.82,3.4,5694.0,1.3,11.5,1.0,6.804666666666668,59.14,56.12,,,146.0,2.5,65.8,,,1.8122448979591843,518.7720027113901,57.629999999999995,7.8699431,29.6667897,Africa
